kmeans_cluster,node_count,avg_neighbors,avg_connected_claims,avg_claim_amount,avg_fraud_claims,avg_claim_to_vehicle_ratio,avg_degree,avg_betweenness,avg_eigenvector
1,18,35.888888888888886,35.888888888888886,1153051.388888889,30.0,1.317777981267184,0.0043125317097919835,1.6034842678274954e-05,0.09898510648060788
2,161,2.546583850931677,1.6149068322981366,63117.832298136644,1.4968944099378882,1.7895112279025325,0.00030600623058539734,5.361972987101654e-07,0.0021533281742639036
0,7121,1.1157140851004073,0.6163460188175818,4635.514712821233,0.009408790900154472,0.15175115854514817,0.0001340680227229521,2.210827142834504e-08,6.936138373114224e-05
3,1,5.0,0.0,0.0,0.0,0.0,0.000600817111271329,0.00018747746665064287,0.05832488241485294
4,1022,5.489236790606654,0.012720156555772993,78.49567514677103,0.0,0.002661448140900196,0.0006596054783233182,8.784987786787162e-07,0.004981045955603574
